name,url,collection,price_now,price_old
Waltham 10-Seater PE Wicker 11-Piece Outdoor Dining Set - Black,/collections/10-seater-outdoor-settings/products/capetown-dining-outdoor-10-seater-set,10 Seater Outdoor Settings,1078.14,1781.03
Drew 10-Seater Outdoor Furniture Setting 11-Piece Dining Set - Grey,/collections/10-seater-outdoor-settings/products/bali-11-piece-outdoor-dining-set-8211-grey,10 Seater Outdoor Settings,1884.96,2584.34
Chester 10-Seater Outdoor Set Furniture Wicker 11-Piece Sofa with Storage Cover - Black,/collections/10-seater-outdoor-settings/products/11-piece-outdoor-furniture-set,10 Seater Outdoor Settings,1829.17,
Waltham 10-Seater Table Chairs Patio Lounge Setting Furniture 11-Piece Outdoor Dining Set - Grey,/collections/10-seater-outdoor-settings/products/gardeon-11-pcs-outdoor-dining-set-table-chairs-patio-lounge-setting-furniture,10 Seater Outdoor Settings,1073.45,1763.27
Drew 10-Seater Outdoor Furniture Setting 11-Piece Dining Set - Black,/collections/10-seater-outdoor-settings/products/bali-11-piece-outdoor-dining-set-8211-black,10 Seater Outdoor Settings,1884.96,2584.34
Chester 10-Seater Furniture Set Wicker Garden Patio Lounge 11-Piece Outdoor Sofa - Black,/collections/10-seater-outdoor-settings/products/gardeon-11pc-outdoor-furniture-sofa-set-wicker-garden-patio-lounge,10 Seater Outdoor Settings,1729.27,
Baby Change Table Tall boy Drawers Dresser Chest Storage Cabinet White,/collections/baby-change-tables/products/drawer-baby-chest-change-table-dresser-cabinet-white,Baby Change Tables,229.65,364.22
Kids Baby Safety Bed Rail Adjustable Folding Child Toddler Protect - Small,/collections/baby-change-tables/products/kids-baby-safety-bed-rail-adjustable-folding-child-toddler-protect-small,Baby Change Tables,69.77,109.74
Kids Baby Safety Bed Rail Adjustable Folding Child Toddler Protect Set - Super King,/collections/baby-change-tables/products/kids-baby-safety-bed-rail-adjustable-folding-child-toddler-protect-large,Baby Change Tables,149.03,233.18
Kids Baby Safety Bed Rail Adjustable Folding Child Toddler Set - King,/collections/baby-change-tables/products/kids-baby-safety-bed-rail-adjustable-folding-child-toddler-medium-large,Baby Change Tables,139.82,153.8
Kids Baby Safety Bed Rail Adjustable Folding Child Toddler Set - Queen,/collections/baby-change-tables/products/kids-baby-safety-bed-rail-adjustable-folding-child-toddler-small-large,Baby Change Tables,139.16,174.09
Kids Baby Safety Bed Rail Adjustable Folding Child Toddler Protect - Medium,/collections/baby-change-tables/products/kids-baby-safety-bed-rail-adjustable-folding-child-toddler-protect-medium,Baby Change Tables,74.21,
Universal Car Roof Rack Cross Bars Aluminium Adjustable 111cm Silver Upgraded,/collections/automotive/products/universal-car-roof-rack-1240mm-upgraded-holder-cross-bars-aluminium-silver-adjustable-car-90kgs-load-carrier,Automotive,114.43,161.52
Baby Playpen 16 Panels Foldable Toddler Fence Safety Play Activity Barrier,/collections/baby-change-tables/products/keezi-baby-playpen-16-panels-foldable-toddler-fence-safety-play-activity-barrier,Baby Change Tables,229.26,
Baby Playpen 16 Panels Foldable Toddler Fence Safety Play Activity Centre,/collections/baby-change-tables/products/keezi-baby-playpen-16-panels-foldable-toddler-fence-safety-play-activity-centre,Baby Change Tables,194.93,
Baby Playpen 20 Panels Foldable Toddler Fence Safety Play Activity Centre,/collections/baby-change-tables/products/keezi-baby-playpen-20-panels-foldable-toddler-fence-safety-play-activity-centre,Baby Change Tables,224.32,269.03
Universal Car Roof Rack Cross Bars 90cm Aluminium Adjustable Lockable 75kg Clamps,/collections/automotive/products/universal-car-roof-rack-100cm-75kgs-load-cross-bars-aluminium-adjustable-lockable-carrier-clamps,Automotive,84.33,109.93
"Motorcycle Motorbike Carrier Rack Ramp 2""Towbar Adjustable Height Black",/collections/automotive/products/motorcycle-motorbike-carrier-rack-2-towbar-arm-rack-dirt-bike-ramp-steel,Automotive,254.83,284.05
20SQM Artificial Grass Synthetic Fake Lawn Turf Plastic Plant - Olive Green,/collections/artificial-grass/products/primeturf-artificial-grass-synthetic-fake-lawn-2mx5m-turf-plastic-plant-30mm,Artificial Grass,269.52,351.23
Aroma Diffuser Aromatherapy Moon Lamp 880ml,/collections/aroma-diffuser-range/products/devanti-aromatherapy-diffuser-essential-oil-aroma-air-humidifier-led-moon-lamp,Aroma Diffuser Range,24.85,42.41
Adjustable Baby Kids Safety Security Gate Stair Barrier Support Ramp White,/collections/baby-change-tables/products/adjustable-baby-kids-pet-safety-security-gate-stair-barrier-support-ramp-white,Baby Change Tables,24.65,34.85
Adjustable Baby Kids Safety Security Gate Stair Barrier Support Ramp Black,/collections/baby-change-tables/products/adjustable-baby-kids-pet-safety-security-gate-stair-barrier-support-ramp-black,Baby Change Tables,24.65,34.85
Weisshorn Car Floor Mats Rubber Fits Ford Ranger PX PX2 PX3 Dual Cab 2011-2022 3D,/collections/automotive/products/weisshorn-ford-ranger-car-floor-mats-px-px2-px3-dual-cab-2011-2019-3d-rubber,Automotive,104.5,139.0
Universal Car Roof Rack 1450mm Cross Bars Aluminium Silver Adjustable Brackets Carrier 90kg,/collections/automotive/products/car-roof-rack-cross-bars-silver-adjustable-brackets-carrier-90kg,Automotive,94.98,134.46
Car Rubber Floor Mats Compatible for Tesla Model 3 Front Rear,/collections/automotive/products/weisshorn-car-rubber-floor-mats-front-and-rear-for-tesla-model-3-2021-2022,Automotive,89.88,124.95
Set of 10 Artificial Boxwood Hedge Fake Vertical Garden Green Wall Mat Fence Outdoor,/collections/artificial-grass/products/set-of-10-artificial-boxwood-hedge-fake-vertical-garden-green-wall-mat-fence-outdoor,Artificial Grass,94.39,165.66
Synthetic Artificial Grass Pins,/collections/artificial-grass/products/synthetic-aritifial-grass-pins,Artificial Grass,34.45,42.7
Artificial Grass Tape Roll 10m,/collections/artificial-grass/products/artificial-grass-tape-roll,Artificial Grass,29.05,37.84
Aroma Diffuser Aromatherapy Remote 500ml,/collections/aroma-diffuser-range/products/devanti-4-in-1-aroma-diffuser-aromatherapy-humidifier-essential-oil-500ml,Aroma Diffuser Range,74.8,89.04
Aroma Diffuser Aromatherapy Lotus 200ml,/collections/aroma-diffuser-range/products/devanti-aromatherapy-diffuser-aroma-ceramic-essential-oils-air-humidifier-lotus,Aroma Diffuser Range,44.65,
Aroma Diffuser Aromatherapy Black 160ml,/collections/aroma-diffuser-range/products/aromatherapy-led-night-light-iron-air-humidifier-black-forrest-pattern-160ml,Aroma Diffuser Range,49.65,64.72
Window Door Awning Outdoor Canopy Sun Shield Patio 1mx2.4m DIY Brown,/collections/awnings/products/instahut-window-door-awning-outdoor-canopy-sunshield-patio-1mx2-4m-diy-brown,Awnings,164.33,197.54
Baby Kids Safety Security Gate Stair Barrier Doors Extension Panels 45cm White,/collections/baby-change-tables/products/baby-kids-pet-safety-security-gate-stair-barrier-doors-extension-panels-45cm-white,Baby Change Tables,54.17,88.72
Baby Kids Safety Security Gate Stair Barrier Doors Extension Panels 45cm Black,/collections/baby-change-tables/products/baby-kids-pet-safety-security-gate-stair-barrier-doors-extension-panels-45cm-black,Baby Change Tables,54.19,88.72
Baby Kids Safety Security Gate Stair Barrier Doors Extension Panels 30cm White,/collections/baby-change-tables/products/baby-kids-pet-safety-security-gate-stair-barrier-doors-extension-panels-30cm-white,Baby Change Tables,39.57,54.57
Deep Cycle Battery 12V 135Ah Slim Box Portable Solar Caravan Camping,/collections/automotive/products/giantz-agm-deep-cycle-battery-12v-135ah-portable-4wd-sealed-marine-solar-slim,Automotive,164.24,351.44
1300w Electric Hoist winch - Black,/collections/automotive/products/giantz-1300w-electric-hoist-winch,Automotive,244.17,311.14
"Motorcycle Motorbike Carrier Rack Arm Dirt Bike Ramp 2""Towbar Steel Black",/collections/automotive/products/motorcycle-carrier-2-arms-rack-ramp-motorbike-dirt-bike-2hitch-towbar,Automotive,239.22,294.12
200pcs Synthetic Artificial Grass Turf Pins U Fastening Lawn Tent Pegs Weed Mat,/collections/artificial-grass/products/200pcs-synthetic-artificial-grass-turf-pins-u-fastening-lawn-tent-pegs-weed-mat,Artificial Grass,84.41,116.75
60sqm Artificial Grass Synthetic Fake Lawn - Olive Green,/collections/artificial-grass/products/primeturf-artificial-grass-synthetic-60-sqm-fake-lawn-30mm-2x5m,Artificial Grass,799.79,1061.12
40sqm Artificial Grass 17mm Lawn Flooring Outdoor Synthetic Turf Plastic Plant Lawn - Olive Green,/collections/artificial-grass/products/40sqm-artificial-grass-lawn-flooring-outdoor-synthetic-turf-plastic-plant-lawn,Artificial Grass,434.08,
Aroma Diffuser Aromatherapy Humidifier 1L,/collections/aroma-diffuser-range/products/devanti-1l-air-humidifier-ultrasonic-purifier-aroma-diffuser-essential-oil-led,Aroma Diffuser Range,49.05,54.97
Aroma Diffuser Aromatherapy Light Wood 130ml,/collections/aroma-diffuser-range/products/aromatherapy-diffuser-aroma-essential-oils-air-humidifier-led-light-130ml,Aroma Diffuser Range,29.4,39.52
Aroma Diffuser Aromatherapy Light Wood 400ml,/collections/aroma-diffuser-range/products/400ml-4-in-1-aroma-diffuser-light-wood,Aroma Diffuser Range,44.85,69.85
Set of 10 Artificial Boxwood Hedge Fake Vertical Garden Green Wall Mat Fence Outdoor,/collections/artificial-hedges/products/set-of-10-artificial-boxwood-hedge-fake-vertical-garden-green-wall-mat-fence-outdoor,Artificial Hedges,94.39,165.66
180cm Artificial Plant Tree Room Garden Indoor Outdoor Home Decor,/collections/artificial-plants/products/180cm-artificial-plant-tree-room-garden-indoor-outdoor-home-decor,Artificial Plants,174.56,249.69
Folding Arm Awning Outdoor Awning Retractable Canopy 3Mx2.5M Grey,/collections/awnings/products/instahut-folding-arm-awning-outdoor-awning-retractable-canopy-3mx2-5m-grey,Awnings,269.76,312.62
1x1.5M Window Door Awning Canopy Rain Cover Sun Shield,/collections/awnings/products/instahut-1x1-5m-window-door-awning-canopy-rain-cover-sun-shield,Awnings,149.39,194.5
Side Awning Sun Shade Outdoor Retractable Privacy Screen 2x3M Black,/collections/awnings/products/instahut-side-awning-sun-shade-outdoor-retractable-privacy-screen-2x3m-black,Awnings,174.4,184.17
Baby Kids Safety Security Gate Stair Barrier Doors Extension Panels 30cm Black,/collections/baby-change-tables/products/baby-kids-pet-safety-security-gate-stair-barrier-doors-extension-panels-30cm-black,Baby Change Tables,39.57,54.57
Baby Kids Safety Security Gate Stair Barrier Doors Extension Panels 20cm White,/collections/baby-change-tables/products/baby-kids-pet-safety-security-gate-stair-barrier-doors-extension-panels-20cm-white,Baby Change Tables,34.47,49.17
Baby Kids Safety Security Gate Stair Barrier Doors Extension Panels 10cm White,/collections/baby-change-tables/products/baby-kids-pet-safety-security-gate-stair-barrier-doors-extension-panels-10cm-white,Baby Change Tables,24.35,34.65
Grease Gun Cordless 20v 450g 9000PSI 76cm Hose Electric Battery Cartridge,/collections/automotive/products/20v-rechargeable-cordless-grease-gun-red,Automotive,249.13,
Power Inverter 12V to 240V 2500W/5000W Pure Sine Wave Camping Car Boat,/collections/automotive/products/giantz-power-inverter-12v-to-240v-2500w-5000w-pure-sine-wave-camping-car-boat,Automotive,249.13,379.84
20sqm Artificial Grass 17mm Synthetic Fake Turf Plants Plastic Lawn - Olive Green,/collections/artificial-grass/products/artificial-grass-20-sqm-synthetic-artificial-turf-flooring-15mm-olive,Artificial Grass,239.14,287.29
20sqm Artificial Grass 35mm Fake Lawn Flooring Outdoor Synthetic Turf Plant - Tri-Colour Green,/collections/artificial-grass/products/20m-artificial-grass-20sqm-fake-lawn-flooring-outdoor-synthetic-turf-plant,Artificial Grass,334.22,444.6
Synthetic Grass Artificial Self Adhesive 20Mx15cm Turf Joining Tape,/collections/artificial-grass/products/20m-artifical-grass-tape,Artificial Grass,49.05,
Aroma Diffuser Aromatherapy Black 100ml,/collections/aroma-diffuser-range/products/devanti-aroma-diffuser-aromatherapy-essential-oils-metal-cover-ultrasonic-cool-mist-100ml-remote-control-black,Aroma Diffuser Range,49.05,
Aroma Diffuser Aromatherapy Humidifier 400ml,/collections/aroma-diffuser-range/products/aromatherapy-diffuser-essential-oils-air-humidifier-led,Aroma Diffuser Range,59.6,82.41
Set of 10 Artificial Boxwood Hedge Fence Fake Vertical Garden Green Wall Mat Outdoor,/collections/artificial-hedges/products/set-of-10-artificial-boxwood-hedge-fence-fake-vertical-garden-green-wall-mat-outdoor,Artificial Hedges,159.17,219.9
Set of 10 Artificial Grass Boxwood Hedge Fence Garden Green Wall Mat Outdoor,/collections/artificial-hedges/products/set-of-10-artificial-grass-boxwood-hedge-fence-garden-green-wall-mat-outdoor,Artificial Hedges,134.49,
Set of 10 Artificial Boxwood Hedge Fence Fake Vertical Garden Green Outdoor,/collections/artificial-hedges/products/set-of-10-artificial-boxwood-hedge-fence-fake-vertical-garden-green-outdoor,Artificial Hedges,149.94,199.88
100cm Artificial Plant Tree Room Garden Indoor Outdoor Home Decor,/collections/artificial-plants/products/100cm-artificial-plant-tree-room-garden-indoor-outdoor-home-decor,Artificial Plants,89.72,146.68
Set of 10 Artificial Boxwood Hedge Fake Vertical Garden Green Wall Mat Fence Outdoor,/collections/artificial-plants/products/set-of-10-artificial-boxwood-hedge-fake-vertical-garden-green-wall-mat-fence-outdoor,Artificial Plants,94.39,165.66
Set of 10 Artificial Boxwood Hedge Fence Fake Vertical Garden Green Wall Mat Outdoor,/collections/artificial-plants/products/set-of-10-artificial-boxwood-hedge-fence-fake-vertical-garden-green-wall-mat-outdoor,Artificial Plants,159.17,219.9
Window Fixed Pivot Arm Awning Patio Outdoor Blinds Retractable 2.8x2.1M,/collections/awnings/products/instahut-window-fixed-pivot-arm-awning-patio-outdoor-blinds-retractable-2-8x2-1m,Awnings,189.84,264.99
Window Door Awning Door Canopy Outdoor Patio Sun Shield 1.5mx4m DIY,/collections/awnings/products/window-awning-door-canopy-sun-shield-1-5mx4m-diy,Awnings,254.23,269.63
Baby Kids Safety Security Gate Stair Barrier Doors Extension Panels 20cm Black,/collections/baby-change-tables/products/baby-kids-pet-safety-security-gate-stair-barrier-doors-extension-panels-20cm-black,Baby Change Tables,34.47,49.17
Baby Kids  Safety Security Gate Stair Barrier Doors Extension Panels 10cm Black,/collections/baby-change-tables/products/baby-kids-pet-safety-security-gate-stair-barrier-doors-extension-panels-10cm-black,Baby Change Tables,24.35,34.65
Caravan Roof Vent Hatch RV Skylight Motorhome Camper 350x350mm Black,/collections/automotive/products/weisshorn-caravan-roof-vent-hatch-rv-skylight-motorhome-camper-350x350mm-black,Automotive,99.38,125.32
Universal Car Roof Rack Basket Luggage Vehicle Cargo Carrier 160cm Black,/collections/automotive/products/giantz-universal-car-roof-rack-basket-luggage-vehicle-cargo-carrier-160cm-black,Automotive,179.19,239.29
10sqm Artificial Grass 40mm Synthetic Fake Turf Plants Plastic Lawn - 4-Colour Green,/collections/artificial-grass/products/synthetic-40mm-1-9mx5m-9-5sqm-artificial-grass-4-coloured-plastic-lawn,Artificial Grass,189.3,209.39
20sqm Artificial Grass 10mm Synthetic Fake Turf Plants Plastic Lawn - Olive Green,/collections/artificial-grass/products/synthetic-10mm-1-9mx10m-19sqm-artificial-grass-fake-turf-olive-plants-plastic-lawn,Artificial Grass,219.69,239.2
Aroma Diffuser Aromatherapy Glass 240ml,/collections/aroma-diffuser-range/products/devanti-aromatherapy-diffuser-aroma-essential-oil-air-humidifier-led-light-glass,Aroma Diffuser Range,54.65,83.58
Aroma Diffuser Aromatherapy Wood Grain 400ml,/collections/aroma-diffuser-range/products/aroma-diffuser-aromatherapy-humidifier-essential-oil-ultrasonic-cool-mist-wood-grain-remote-control-400ml,Aroma Diffuser Range,59.85,85.03
Aroma Diffuser Aromatherapy 3D Glass 400ml,/collections/aroma-diffuser-range/products/diffuser-3d-led-night-light-firework-air-humidifier-purifier-400ml-remote-control,Aroma Diffuser Range,69.8,79.3
Artificial Boxwood Hedge Fence Fake Vertical Garden 10pcs,/collections/artificial-hedges/products/artificial-boxwood-hedge-fence-fake-vertical-garden-10pcs,Artificial Hedges,129.88,
10pcs Artificial Boxwood Hedge Fence Fake Vertical Garden,/collections/artificial-hedges/products/10pcs-artificial-boxwood-hedge-fence-fake-vertical-garden,Artificial Hedges,149.94,207.93
Set of 10 Artificial Boxwood Hedge Fence Fake Vertical Garden,/collections/artificial-hedges/products/set-of-10-artificial-boxwood-hedge-fence-fake-vertical-garden,Artificial Hedges,134.34,195.84
Set of 10 Artificial Grass Boxwood Hedge Fence Garden Green Wall Mat Outdoor,/collections/artificial-plants/products/set-of-10-artificial-grass-boxwood-hedge-fence-garden-green-wall-mat-outdoor,Artificial Plants,134.49,
Set of 10 Artificial Boxwood Hedge Fence Fake Vertical Garden Green Outdoor,/collections/artificial-plants/products/set-of-10-artificial-boxwood-hedge-fence-fake-vertical-garden-green-outdoor,Artificial Plants,149.94,199.88
Artificial Boxwood Hedge Fence Fake Vertical Garden 10pcs,/collections/artificial-plants/products/artificial-boxwood-hedge-fence-fake-vertical-garden-10pcs,Artificial Plants,129.88,
Outdoor Blind Window Privacy Screen Roll Down Awning Canopy 3.0x2.5M,/collections/awnings/products/instahut-outdoor-blind-window-privacy-screen-roll-down-awning-canopy-3-0x2-5m,Awnings,204.26,249.73
Window Door Awning Door Canopy Outdoor Patio Sun Shield 1.5mx2m DIY,/collections/awnings/products/instahut-window-door-awning-door-canopy-outdoor-patio-sun-shield-1-5mx2m-diy,Awnings,209.39,221.38
Kids Baby Adjustable Folding Safety Bed Rail Child Toddler Protect - Large,/collections/baby-change-tables/products/kids-baby-adjustable-folding-safety-bed-rail-child-toddler-protect-large,Baby Change Tables,74.75,94.61
2 Pcs Adjustable Baby Kids Safety Security Gate Stair Barrier Wall Bumpers,/collections/baby-change-tables/products/2-pcs-adjustable-baby-kids-pet-safety-security-gate-stair-barrier-wall-bumpers,Baby Change Tables,24.29,34.85
Universal Car Roof Rack 1360mm Cross Bars Aluminium Silver Adjustable Car 90kgs load Carrier,/collections/automotive/products/universal-car-roof-rack-1360mm-cross-bars-aluminium-silver-adjustable-car-90kgs-load-carrier,Automotive,99.38,144.23
Universal Car Roof Rack Aluminium Cross Bars Adjustable 126cm Silver Upgraded,/collections/automotive/products/universal-car-roof-rack-1390mm-upgraded-holder-cross-bars-aluminium-silver-adjustable-car-90kgs-load-carrier,Automotive,119.55,154.15
Universal Car Roof Rack Cross Bars Aluminium Silver Adjustable 108cm Racks,/collections/automotive/products/car-roof-rack-cross-bars-silver-adjustable-car-90kgs-load-carrier,Automotive,99.95,144.8
200 Synthetic Grass Pins,/collections/artificial-grass/products/200-synthetic-grass-pins,Artificial Grass,49.45,59.7
20sqm Artificial Grass 30mm Synthetic Turf Fake Plants Plastic Lawn - 4-Colour Green,/collections/artificial-grass/products/synthetic-30mm-0-95mx20m-19sqm-artificial-grass-4-coloured-plastic-lawn,Artificial Grass,264.56,294.76
Aroma Diffuser Aromatherapy Dark Wood 400ml,/collections/aroma-diffuser-range/products/400ml-4-in-1-aroma-diffuser-dark-wood,Aroma Diffuser Range,54.2,71.76
Aroma Diffuser Aromatherapy Humidifier 300ml,/collections/aroma-diffuser-range/products/300ml-4-in-1-aroma-diffuser-light-wood,Aroma Diffuser Range,54.6,74.8
Aroma Diffuser Aromatherapy Light Wood 500ml,/collections/aroma-diffuser-range/products/diffuser-night-light-air-humidifier-500ml-remote-control,Aroma Diffuser Range,59.4,77.04
Set of 6 Artificial Hedge Grass Plant Hedge Fake Vertical Garden Green Wall Ivy Mat Fence,/collections/artificial-hedges/products/set-of-6-artificial-hedge-grass-plant-hedge-fake-vertical-garden-green-wall-ivy-mat-fence,Artificial Hedges,119.19,165.02
Set of 4 Artificial Hedge Grass Plant Hedge Fake Vertical Garden Green Wall Ivy Mat Fence,/collections/artificial-hedges/products/set-of-4-artificial-hedge-grass-plant-hedge-fake-vertical-garden-green-wall-ivy-mat-fence,Artificial Hedges,84.71,132.3
10pcs Artificial Boxwood Hedge Fence Fake Vertical Garden,/collections/artificial-plants/products/10pcs-artificial-boxwood-hedge-fence-fake-vertical-garden,Artificial Plants,149.94,207.93
Set of 10 Artificial Boxwood Hedge Fence Fake Vertical Garden,/collections/artificial-plants/products/set-of-10-artificial-boxwood-hedge-fence-fake-vertical-garden,Artificial Plants,134.34,195.84
Set of 6 Artificial Hedge Grass Plant Hedge Fake Vertical Garden Green Wall Ivy Mat Fence,/collections/artificial-plants/products/set-of-6-artificial-hedge-grass-plant-hedge-fake-vertical-garden-green-wall-ivy-mat-fence,Artificial Plants,119.19,165.02
Window Fixed Pivot Arm Awning Outdoor Blinds Retractable Canopy1.8x2.1M,/collections/awnings/products/instahut-window-fixed-pivot-arm-awning-outdoor-blinds-retractable-canopy1-8x2-1m,Awnings,139.18,219.29
Window Fixed Pivot Arm Awning Outdoor Door Canopy 2X1.8M Beige/Brown,/collections/awnings/products/instahut-retractable-pivot-arm-awning-outdoor-blinds-window-door-canopy-200cm,Awnings,129.36,185.2
Window Door Awning Door Canopy 1mx2.4m DIY Patio Outdoor Sunshield,/collections/awnings/products/instahut-1x2-4m-window-door-awning-canopy-rain-cover-sun-shield,Awnings,164.33,179.11
Caravan Roof Vent Fan Air Exhaust Hatch 12V RV Motorhome Camper White,/collections/automotive/products/weisshorn-caravan-roof-vent-fan-air-exhaust-hatch-12v-rv-motorhome-camper-white,Automotive,104.5,143.38
Universal Soft Car Roof Rack 116cm Luggage Carrier Adjustable Strap Black,/collections/automotive/products/universal-soft-car-roof-rack-116cm-kayak-luggage-carrier-adjustable-strap-black,Automotive,44.3,82.93
Universal Car Roof Rack Aluminium Cross Bars Adjustable 126cm Black Upgraded,/collections/automotive/products/universal-car-roof-rack-aluminium-cross-bars-adjustable-135cm-black-upgraded-holder-adjustable-car-90kgs-load-carrier,Automotive,114.0,154.15
10sqm Artificial Grass 30mm Synthetic Fake Turf Plastic Lawn - 4-Colour Green,/collections/artificial-grass/products/synthetic-30mm-1-9mx5m-9-5sqm-artificial-grass-4-coloured-plastic-lawn,Artificial Grass,174.94,202.44
20sqm Artificial Grass 17mm Synthetic Fake Turf Plants Lawn - Olive Green,/collections/artificial-grass/products/primeturf-synthetic-17mm-0-95mx20m-19sqm-artificial-grass-fake-turf-olive-plants-plastic-lawn,Artificial Grass,209.01,257.36
Aromatherapy Aroma Diffuser Essential Oil Humidifier LED Glass Marble,/collections/aroma-diffuser-range/products/devanti-aromatherapy-aroma-diffuser-essential-oil-humidifier-led-glass-marble,Aroma Diffuser Range,64.85,79.97
Aroma Diffuser Aromatherapy Dark Wood 130ml,/collections/aroma-diffuser-range/products/devanti-aroma-diffuser-aromatherapy-dark-wood-130ml,Aroma Diffuser Range,19.45,29.47
Set of 2 Artificial Hedge Grass Plant Hedge Fake Vertical Garden Green Wall Ivy Mat Fence,/collections/artificial-hedges/products/set-of-2-artificial-hedge-grass-plant-hedge-fake-vertical-garden-green-wall-ivy-mat-fence,Artificial Hedges,44.67,59.97
Set of 4 Artificial Hedge Grass Plant Hedge Fake Vertical Garden Green Wall Ivy Mat Fence,/collections/artificial-plants/products/set-of-4-artificial-hedge-grass-plant-hedge-fake-vertical-garden-green-wall-ivy-mat-fence,Artificial Plants,84.71,132.3
Set of 2 Artificial Hedge Grass Plant Hedge Fake Vertical Garden Green Wall Ivy Mat Fence,/collections/artificial-plants/products/set-of-2-artificial-hedge-grass-plant-hedge-fake-vertical-garden-green-wall-ivy-mat-fence,Artificial Plants,44.67,59.97
Lambu 6x Artificial Flowers Plant Flower Garden Indoor Outdoor Fake Home Decor,/collections/artificial-plants/products/lambu-6x-artificial-flowers-plant-flower-garden-indoor-outdoor-fake-home-decor,Artificial Plants,84.77,138.26
Window Door Awning Door Canopy Outdoor Patio Sun Shield 1.5mx3m DIY,/collections/awnings/products/window-awning-door-canopy-sun-shield-1-5mx3m-diy,Awnings,209.72,234.29
Window Door Awning Door Canopy Outdoor Patio Cover Shade 1.5mx3m DIY Brown,/collections/awnings/products/window-door-awning-door-canopy-outdoor-patio-cover-shade-1-5mx3m-diy-br,Awnings,209.72,281.05
Outdoor Blind Window Roll Down Awning Canopy Privacy Screen 3x2.5M,/collections/awnings/products/instahut-outdoor-blind-window-roll-down-awning-canopy-privacy-screen-3x2-5m,Awnings,164.62,214.9
Universal Car Roof Rack Foldable Hitch Basket Cargo Carrier 152cm Black,/collections/automotive/products/giantz-universal-car-roof-rack-foldable-hitch-basket-cargo-carrier-152cm-black,Automotive,144.37,226.87
Universal Car Roof Racks Pod Aluminium Cross Bars Brackets 145cm Black,/collections/automotive/products/universal-car-roof-racks-pod-aluminium-cross-bars-brackets-145cm-black,Automotive,154.4,185.56
Universal Car Roof Rack Basket Luggage Vehicle Cargo Carrier 123cm Black,/collections/automotive/products/giantz-universal-car-roof-rack-basket-luggage-vehicle-cargo-carrier-123cm-black,Automotive,184.83,251.22
50sqm Artificial Grass 30mm 2mx5m Synthetic Fake Lawn Turf Plastic Plant - 4-Colour Green,/collections/artificial-grass/products/primeturf-artificial-grass-30mm-2mx5m-50sqm-synthetic-fake-lawn-turf-plastic-plant-4-coloured,Artificial Grass,719.9,923.7
15sqm Artificial Grass 17mm Fake Flooring Outdoor Synthetic Turf Plant - Green,/collections/artificial-grass/products/artificial-grass-15sqm-fake-flooring-outdoor-synthetic-turf-plant-17mm,Artificial Grass,144.64,211.34
20sqm Artificial Grass 20mm Synthetic Fake Turf Plants Plastic Lawn - 4-Colour Green,/collections/artificial-grass/products/primeturf-artificial-grass-synthetic-fake-20sqm-turf-plastic-plant-lawn-20mm,Artificial Grass,274.06,289.74
Aroma Diffuser Aromatherapy Humidifier 500ml,/collections/aroma-diffuser-range/products/devanti-aroma-diffuser-aromatherapy-humidifier-500ml,Aroma Diffuser Range,44.85,59.34
Aroma Aromatherapy Diffuser LED Oil Ultrasonic Air Humidifier Glass Wood,/collections/aroma-diffuser-range/products/devanti-aroma-aromatherapy-diffuser-led-oil-ultrasonic-air-humidifier-glass-wood,Aroma Diffuser Range,49.65,98.01
Aroma Diffuser Aromatherapy Waterless,/collections/aroma-diffuser-range/products/devanti-waterless-aromatherapy-aroma-diffuser-pure-essential-oil-ultrasonic,Aroma Diffuser Range,59.05,78.41
Artificial Plant Tree Room Garden Indoor Outdoor Home DÃ©cor 100cm,/collections/artificial-plants/products/artificial-plant-tree-room-garden-indoor-outdoor-home-decor-100cm,Artificial Plants,89.18,131.32
Set of 6 Artificial Flower 7 Heads Garden Indoor Outdoor Home Decor,/collections/artificial-plants/products/set-of-6-artificial-flower-7-heads-garden-indoor-outdoor-home-decor,Artificial Plants,49.15,87.08
Set of 6 Artificial Indoor Outdoor Flower 7 Heads Garden Home Decor,/collections/artificial-plants/products/set-of-6-artificial-indoor-outdoor-flower-7-heads-garden-home-decor,Artificial Plants,49.15,87.08
Window Door Awning Door Canopy Outdoor Patio Cover Shade 1.5mx4m DIY Brown,/collections/awnings/products/window-awning-door-canopy-cover-shade-1-5mx4m-diy-br,Awnings,254.23,359.03
Folding Arm Awning Outdoor Awning Retractable Sunshade 2.5Mx2M Grey,/collections/awnings/products/instahut-folding-arm-awning-outdoor-awning-retractable-sunshade-2-5mx2m-grey,Awnings,224.04,257.46
Window Awning Door Canopy 1m x 2m Hollow Sheet Plastic Frame - Brown,/collections/awnings/products/diy-window-door-awning-cover-brown-100-x-200cm,Awnings,144.54,191.92
Macy Accent Sherpa Boucle Lounge Armchair - White,/collections/armchairs/products/artiss-armchair-lounge-chair-accent-chairs-armchairs-sherpa-boucle-sofa-white,Armchairs,234.5,263.39
Universal Car Roof Rack Basket Luggage Vehicle Cargo Carrier 111cm Black,/collections/automotive/products/giantz-universal-car-roof-rack-basket-luggage-vehicle-cargo-carrier-111cm-black,Automotive,184.17,257.04
Universal Car Roof Rack Basket Luggage Vehicle Cargo Carrier 140cm Silver,/collections/automotive/products/giantz-universal-car-roof-rack-basket-luggage-vehicle-cargo-carrier-140cm-silver,Automotive,169.05,197.26
20sqm Artificial Grass 17mm Synthetic Fake Turf Plants Plastic Lawn with Tape - Olive Green,/collections/artificial-grass/products/primeturf-1x20m-artificial-grass-synthetic-fake-20sqm-turf-lawn-17mm-tape,Artificial Grass,249.75,307.52
50pcs Synthetic Artificial Grass Turf Pins U Fastening Lawn Tent Pegs Weed Mat,/collections/artificial-grass/products/50pcs-synthetic-artificial-grass-turf-pins-u-fastening-lawn-tent-pegs-weed-mat,Artificial Grass,34.83,54.65
Aroma Diffuser Aromatherapy Glass 200ml,/collections/aroma-diffuser-range/products/devanti-aroma-diffuser-aromatherapy-humidifier-purifier-essential-oil-led-glass,Aroma Diffuser Range,79.05,107.6
Aroma Diffuser Aromatherapy Ultrasonic Humidifier Essential Oil Purifier Deer,/collections/aroma-diffuser-range/products/aroma-diffuser-aromatherapy-ultrasonic-humidifier-essential-oil-purifier-deer,Aroma Diffuser Range,69.55,109.37
Set of 6 Artificial Flower 7 Heads Flowers Garden Indoor Outdoor Home Decor,/collections/artificial-plants/products/set-of-6-artificial-flower-7-heads-flowers-garden-indoor-outdoor-home-decor,Artificial Plants,49.15,87.08
DIY Window Door Awning Shade 1x2m - Transparent,/collections/awnings/products/diy-window-door-awning-cover-transparent-100-x-200cm-1,Awnings,144.54,167.46
DIY Window Door Awning Shade 1x3m - Brown,/collections/awnings/products/diy-window-door-awning-cover-brown-100-x-300cm,Awnings,154.15,186.37
Aquarium External Canister Filter Aqua Fish Water Tank Sponge Pond 1250L,/collections/aquarium/products/aquarium-external-canister-filter-aqua-fish-water-tank-sponge-pond-1250l,Aquarium,99.35,120.03
Maliah Accent Tub Fabric Lounge Armchair - Grey,/collections/armchairs/products/armchair-tub-chair-single-accent-armchairs-sofa-lounge-fabric-grey,Armchairs,219.27,274.88
Marian Accent Fabric Lounge Armchair - Beige,/collections/armchairs/products/armchair-lounge-chair-accent-chairs-armchairs-fabric-single-sofa-beige,Armchairs,264.57,294.05
Fabric Tub Lounge Armchair - Beige,/collections/armchairs/products/fabric-tub-lounge-armchair-beige,Armchairs,199.76,249.23
Universal Car Roof Rack 1080mm Cross Bars Aluminium Black Adjustable  Car 90kgs load Carrier,/collections/automotive/products/car-roof-rack-cross-bars-black-adjustable-car-90kgs-load-carrier,Automotive,89.45,119.3
Car Floor Mats Rubber Compatible for Mazda BT50 Dual Crew Cab,/collections/automotive/products/weisshorn-mazda-bt50-car-floor-mats-dual-crew-cab-2012-2018-3d-rubber-bt-50,Automotive,104.48,139.0
Car Rubber Floor Trunk Toolbox Cargo Mats for Tesla Model Y,/collections/automotive/products/weisshorn-car-rubber-floor-trunk-toolbox-cargo-mats-for-tesla-model-y-2021-2023,Automotive,189.48,197.88
1 Roll 10Mx15cm Self Adhesive Artificial Grass Fake Lawn Joining Tape,/collections/artificial-grass/products/1-roll-10mx15cm-self-adhesive-artificial-grass-fake-lawn-joining-tape,Artificial Grass,39.25,49.25
10sqm Artificial Grass 10mm Synthetic Fake Turf Plants Plastic Lawn - Olive Green,/collections/artificial-grass/products/synthetic-10mm-1-9mx5m-9-5sqm-artificial-grass-olive-plastic-lawn,Artificial Grass,129.93,189.98
10sqm Artificial Grass 20mm Synthetic Fake Turf Plants Plastic Lawn - 4-Colour Green,/collections/artificial-grass/products/artificial-grass-10-sqm-polyethylene-lawn-flooring-20mm-olive,Artificial Grass,139.11,179.52
Aroma Diffuser Aromatherapy Humidifier 600ml,/collections/aroma-diffuser-range/products/aroma-diffuser-air-humidifier-night-light-600ml,Aroma Diffuser Range,64.85,78.12
Aroma Diffuser Aromatherapy Humidifier 220ml,/collections/aroma-diffuser-range/products/devanti-aroma-diffuser-aromatherapy-essential-oils-air-humidifier-led-crystal,Aroma Diffuser Range,49.05,64.3
Aroma Diffuser Aromatherapy Flame 240ml,/collections/aroma-diffuser-range/products/devanti-aroma-aromatherapy-diffuser-air-humidifier-essential-oil-led-flame-light,Aroma Diffuser Range,54.65,71.5
Retractable Folding Arm Awning Outdoor Awning 4.5Mx2.5M Canopy Grey,/collections/awnings/products/instahut-retractable-folding-arm-awning-outdoor-awning-4-5mx2-5m-canopy-grey,Awnings,314.89,324.53
Retractable Folding Arm Awning Outdoor Awning Canopy 4Mx3M Grey,/collections/awnings/products/instahut-retractable-folding-arm-awning-outdoor-awning-canopy-4mx3m-grey,Awnings,314.78,
Aquarium External Canister Filter Aqua Fish Tank UV Light with Media Kit 2400L/H,/collections/aquarium/products/external-canister-filter-aqua-fish-tank-uv-light-with-media-kit-2400l-h,Aquarium,204.26,
Aquarium External Canister Filter Aqua Fish Tank UV Light with Media Kit 1850L/H,/collections/aquarium/products/external-canister-filter-aqua-fish-tank-uv-light-with-media-kit-1850l-h,Aquarium,149.23,159.61
10000L/H Submersible Water Pump,/collections/aquarium/products/aquarium-pond-pump-10000lph,Aquarium,164.55,170.48
Michelle Accent Velvet Lounge Armchair - Green,/collections/armchairs/products/artiss-armchair-lounge-chair-accent-armchairs-chairs-velvet-sofa-green-couch,Armchairs,214.86,227.47
Maricel Accent Velvet Seat Lounge Armchair - Navy,/collections/armchairs/products/artiss-armchair-lounge-accent-chairs-armchairs-chair-velvet-sofa-navy-blue-seat,Armchairs,279.4,304.1
Myla Accent Lounge Bedroom Armchair - Beige & Wood,/collections/armchairs/products/artiss-armchair-lounge-chair-accent-armchairs-couch-sofa-bedroom-beige-wood,Armchairs,224.55,252.82
Air Purifier 4 Stage HEPA w/Replacement Filter,/collections/air-purifiers/products/devanti-air-purifier-home-purifiers-hepa-filter-odour-virus-smoke-pm2-5-remover,Air Purifiers,194.42,204.55
Car Rubber Floor Mats for Tesla Model 3 Trunk Toolbox Cargo Mat Carpet,/collections/automotive/products/weisshorn-car-rubber-floor-mats-for-tesla-model-3-trunk-toolbox-cargo-mat-carpet,Automotive,179.38,219.37
10sqm Artificial Grass 30mm Synthetic Fake Turf Plants Plastic Lawn - 4-Colour Green,/collections/artificial-grass/products/artificial-grass-10-sqm-synthetic-artificial-turf-flooring-30mm-pile-height-green,Artificial Grass,169.05,
60sqm Artificial Grass 30mm 2mx5m Synthetic Fake Lawn Turf Plastic Plant - 4-Colour Green,/collections/artificial-grass/products/primeturf-artificial-grass-30mm-2mx5m-60sqm-synthetic-fake-lawn-turf-plastic-plant-4-coloured,Artificial Grass,959.01,1088.0
Aroma Diffuser Aromatherapy Ultrasonic 3D Air Humidifier Purifier Fireworks,/collections/aroma-diffuser-range/products/aroma-diffuser-aromatherapy-ultrasonic-3d-air-humidifier-purifier-fireworks,Aroma Diffuser Range,74.95,117.44
Aroma Diffuser Aromatherapy Ultrasonic Humidifier Essential Oil Purifier Heart,/collections/aroma-diffuser-range/products/aroma-diffuser-aromatherapy-ultrasonic-humidifier-essential-oil-purifier-heart,Aroma Diffuser Range,69.55,109.37
Aroma Diffuser Aromatherapy Ultrasonic Humidifier Essential Oil Purifier Skull,/collections/aroma-diffuser-range/products/aroma-diffuser-aromatherapy-ultrasonic-humidifier-essential-oil-purifier-skull,Aroma Diffuser Range,59.05,
Retractable Fixed Pivot Arm Window Awning Outdoor Blinds 2.1x2.1M Grey,/collections/awnings/products/instahut-retractable-fixed-pivot-arm-window-awning-outdoor-blinds-2-1x2-1m-grey,Awnings,189.18,224.5
DIY Window Door Awning Shade 1x3m - Transparent,/collections/awnings/products/instahut-diy-window-door-awning-shade-1-x-3m-transparent,Awnings,154.15,203.32
Retractable Folding Arm Awning Outdoor Canopy 2Mx1.5M Sunshade Grey,/collections/awnings/products/instahut-retractable-folding-arm-awning-outdoor-canopy-2mx1-5m-sunshade-grey,Awnings,214.86,
Maxina Accent Tub PU Leather Lounge Armchair - Black,/collections/armchairs/products/armchair-lounge-chair-ottoman-tub-accent-chairs-pu-leather-sofa-armchairs-black,Armchairs,239.9,289.2
Mariana Accent Sherpa Boucle Lounge Armchair - Charcoal,/collections/armchairs/products/artiss-armchair-lounge-chair-armchairs-accent-arm-chairs-sherpa-boucle-charcoal,Armchairs,219.66,245.26
"2x6"" In Ceiling Speakers Home 80W Speaker Theatre Stereo Outdoor Multi Room",/collections/amplifiers/products/2-x-6-in-ceiling-speakers-home-80w-speaker-theatre-stereo-outdoor-multi-room,Amplifiers,54.85,64.85
Range Hood Rangehood 90cm 900mm Kitchen Canopy LED Light Wall Mount Black,/collections/appliances/products/range-hood-rangehood-90cm-900mm-kitchen-canopy-led-light-wall-mount-black,Appliances,139.71,169.14
20V Cordless Leaf Blower Garden Lithium Electric Battery Nozzles 2-Speed,/collections/air-tools/products/giantz-20v-cordless-leaf-blower-garden-lithium-electric-battery-nozzles-2-speed,Air Tools,99.4,131.34
Dehumidifier Air Purifier 2200ml - Black,/collections/air-purifiers/products/spector-dehumidifier-air-purifier-2200ml-black,Air Purifiers,159.07,
Dehumidifier Air Purifier 2200ml - White,/collections/air-purifiers/products/spector-dehumidifier-air-purifier-2200ml-white,Air Purifiers,154.63,180.82
2L Portable Dehumidifier Air - White,/collections/air-purifiers/products/spector-2l-portable-dehumidifier-air,Air Purifiers,154.63,180.82
40sqm Artificial Grass 30mm 2mx5m Synthetic Fake Lawn Turf Plastic Plant - 4-Colour Green,/collections/artificial-grass/products/primeturf-artificial-grass-30mm-2mx5m-40sqm-synthetic-fake-lawn-turf-plastic-plant-4-coloured,Artificial Grass,589.53,691.97
20sqm Artificial Grass 35mm Fake Lawn Flooring Outdoor Synthetic Turf Plant - 4-Colour Green,/collections/artificial-grass/products/artificial-grass-20sqm-fake-lawn-flooring-outdoor-synthetic-turf-plant,Artificial Grass,344.7,454.75
Window Awning Door Canopy 1m x 4m Sheet Black Plastic Frame - Transparent,/collections/awnings/products/instahut-window-door-awning-door-canopy-patio-uv-sun-shield-1mx4m-diy,Awnings,199.29,224.78
DIY Transparent Window Door Awning Cover,/collections/awnings/products/diy-transparent-window-door-awning-cover,Awnings,144.88,173.86
Window Door Awning Door Canopy Patio UV Sun Shield Brown 1mx2m DIY,/collections/awnings/products/diy-window-door-awning-cover-brown-100-x-200cm-1,Awnings,144.54,178.86
Maure Accent Tub Fabric Lounge Armchair - Beige,/collections/armchairs/products/armchair-lounge-chair-tub-accent-armchairs-fabric-sofa-chairs-wooden,Armchairs,214.68,263.57
Macy Accent Sherpa Boucle Lounge Armchair - Charcoal,/collections/armchairs/products/artiss-armchair-lounge-chair-accent-chairs-arm-armchairs-sherpa-boucle-charcoal,Armchairs,209.98,280.37
Audene Fabric Armchair Tufted Button Design - Grey,/collections/armchairs/products/fabric-dining-armchair-grey,Armchairs,129.75,161.05
Electric Guitar And Amp Music String Instrument Rock Blue Carry Bag Steel String,/collections/amplifiers/products/alpha-electric-guitar-and-amp-instrument-rock-blue-carry-bag-steel-string,Amplifiers,244.17,307.1
Electric Guitar And Amp Music String Instrument Rock Black Carry Bag Steel String,/collections/amplifiers/products/alpha-electric-guitar-and-amp-instrument-rock-black-carry-bag-steel-string,Amplifiers,244.17,296.35
Induction Cooktop 60cm Electric Cooker,/collections/appliances/products/devanti-electric-induction-cooktop-60cm-ceramic-4-zones-stove-cook-top-hot-plate,Appliances,259.74,376.88
Portable Ice Cube Maker Machine 2L Home Bar Benchtop Easy Quick Black,/collections/appliances/products/portable-ice-cube-maker-machine-2l-home-bar-benchtop-easy-quick-black,Appliances,134.82,194.08
Tumble Dryer 5kg Fully Auto Black,/collections/appliances/products/devanti-5kg-tumble-dryer-fully-auto-wall-mount-kit-clothes-machine-vented-white,Appliances,419.2,454.12
Air Hose Reel 10m Retractable Rewind Swivel Wall Mount Compressor Garage,/collections/air-tools/products/giantz-air-hose-reel-10m-retractable-rewind-swivel-wall-mount-compressor-garage,Air Tools,84.33,98.32
85L/min 12V Portable Air Compressor,/collections/air-tools/products/giantz-air-compressor-12v-85l-min,Air Tools,104.78,115.12
Dehumidifier 12L Air Purifier White,/collections/air-purifiers/products/devanti-12l-portable-dehumidifier-air-dryer-purifier-home-moisture-absorber,Air Purifiers,194.08,236.24
Air Purifier and Cleaner with HEPA Filter Sleep Mode and Timer - White,/collections/air-purifiers/products/air-purifier-with-cadr-170m-sup3-h,Air Purifiers,189.48,
Dehumidifier 2L Air Purifier Black,/collections/air-purifiers/products/devanti-2l-portable-dehumidifier-air-purify-dryer-home-office-moisture-absorber,Air Purifiers,94.28,144.36
Silas 45x150 Kitchen Mat Non-slip PVC Anti Fatigue Floor Rug,/collections/anti-fatigue-mats/products/artiss-kitchen-mat-45x150cm-pvc-floor-rug-carpet-non-slip-lydia,Anti-Fatigue Mats,39.05,52.86
Imani 2-Seater Chairs Table Patio 3-Piece Outdoor Furniture - Grey,/collections/aluminium-outdoor-furniture/products/gardeon-outdoor-furniture-3pcs-lounge-setting-bistro-set-chairs-table-patio,Aluminum Outdoor Furniture,274.4,339.77
Side Awning Sun Shade Outdoor Retractable Privacy Screen 2X3M Grey,/collections/awnings/products/instahut-side-awning-sun-shade-outdoor-blinds-retractable-screen-2x3m-grey,Awnings,169.59,184.17
Marlyn Accent Fabric Ottoman Lounge Chair - Pink,/collections/armchairs/products/artiss-armchair-lounge-chair-ottoman-accent-armchairs-sofa-fabric-chairs-pink,Armchairs,209.05,294.4
Michelle Accent Velvet Lounge Armchair - Navy,/collections/armchairs/products/artiss-armchair-lounge-chair-armchairs-accent-chairs-navy-blue-velvet-sofa-couch,Armchairs,219.66,281.59
22L Bench Top Water Cooler Dispenser Filter Purifier Hot Cold Room Temperature Three Taps,/collections/appliances/products/22l-bench-top-water-cooler-dispenser-filter-purifier-hot-cold-room-three-taps,Appliances,124.72,159.63
150W Stick Vacuum Cleaner Cordless HEPA Filter - Gold,/collections/appliances/products/devanti-handheld-vacuum-cleaner-stick-cordless-bagless-2-speed-spare-hepa-filter,Appliances,104.52,155.99
36CC Petrol Blower and Vacuum - Orange & Black,/collections/air-tools/products/leaf-blower,Air Tools,194.22,199.41
200L/min 12V Portable Air Compressor,/collections/air-tools/products/540w-premium-air-compressor,Air Tools,119.91,169.87
Lightweight Cordless Leaf Blower,/collections/air-tools/products/lightweight-cordless-leaf-blower,Air Tools,99.95,115.49
Dehumidifier 2L Air Purifier White,/collections/air-purifiers/products/devanti-2000ml-portable-dehumidifier-air-dryer-purifier-home-moisture-absorber,Air Purifiers,99.4,144.11
Air Purifier 4 Stage HEPA Filter,/collections/air-purifiers/products/devanti-air-purifier-cleaner-home-purifiers-odour-sensor-hepa-filter,Air Purifiers,154.05,194.13
Aroma Diffuser Aromatherapy 3D Glass 400ml,/collections/air-purifiers/products/diffuser-3d-led-night-light-firework-air-humidifier-purifier-400ml-remote-control,Air Purifiers,69.8,79.3
Hassan 50x80 Anti-Fatigue Standing Mat Desk Rug Kitchen Home Office Foam - Black,/collections/anti-fatigue-mats/products/marlow-anti-fatigue-mat-standing-desk-rug-kitchen-home-office-foam-black-50x80,Anti-Fatigue Mats,64.11,116.94
Wren 45x150 Kitchen Mat Non-slip PVC Anti Fatigue Floor Rug Home,/collections/anti-fatigue-mats/products/artiss-kitchen-mat-non-slip-45-x-150-pvc-anti-fatigue-floor-rug-home-carpet-gina,Anti-Fatigue Mats,34.25,62.23
Bodhi 45x75 Kitchen Mat Non-slip Textilene Anti Fatigue Floor Rug Home,/collections/anti-fatigue-mats/products/artiss-kitchen-mat-non-slip-45-x-75-textilene-anti-fatigue-floor-rug-home-carpet,Anti-Fatigue Mats,24.65,47.67
Tanner 4-Seater Aluminium Extension Table Chairs Lounge 5-Piece Outdoor Dining Set - Black,/collections/aluminium-outdoor-furniture/products/gardeon-5pcs-outdoor-dining-set-4-seater-aluminum-extension-table-chairs-lounge,Aluminum Outdoor Furniture,799.82,1073.09
Calliope Cast Iron Garden Bench - Bronze,/collections/aluminium-outdoor-furniture/products/cast-iron-garden-bench-bronze,Aluminum Outdoor Furniture,129.31,164.33
French Lorraine Chair Retro Wing - Black,/collections/armchairs/products/artiss-french-lorraine-chair-retro-wing-black,Armchairs,164.14,241.02
Marian Accent Fabric Lounge Armchair - Grey,/collections/armchairs/products/upholstered-fabric-armchair-accent-tub-chairs-modern-seat-sofa-lounge-grey,Armchairs,329.17,349.2
Air Fryer 7L LCD Fryers Oven Air fryer Kitchen Healthy Cooker Stainless Steel,/collections/appliances/products/devanti-air-fryer-7l-lcd-fryers-oven-airfryer-kitchen-healthy-cooker-stainless-steel,Appliances,154.5,214.09
52'' Ceiling Fan w/Light w/Remote Timer - Black,/collections/appliances/products/52-ceiling-fan-black,Appliances,119.99,213.43
Air Hose Reel 20m Retractable Rewind Swivel Wall Mount Compressor Garage,/collections/air-tools/products/giantz-air-hose-reel-20m-retractable-rewind-swivel-wall-mount-compressor-garage,Air Tools,119.55,149.2
12V Portable Air Compressor - Red,/collections/air-tools/products/portable-premium-air-compressor-320l-min,Air Tools,144.64,159.21
Aroma Diffuser Aromatherapy Ultrasonic Humidifier Essential Oil Purifier Deer,/collections/air-purifiers/products/aroma-diffuser-aromatherapy-ultrasonic-humidifier-essential-oil-purifier-deer,Air Purifiers,69.55,109.37
Aroma Diffuser Aromatherapy Humidifier 600ml,/collections/air-purifiers/products/aroma-diffuser-air-humidifier-night-light-600ml,Air Purifiers,64.85,78.12
Hassan 51x99 Anti-Fatigue Standing Mat Desk Rug Kitchen Home Office Foam - Grey,/collections/anti-fatigue-mats/products/marlow-anti-fatigue-mat-standing-desk-rug-kitchen-home-office-foam-grey-51x99,Anti-Fatigue Mats,79.67,116.4
Silas 45x75 Kitchen Mat Non-slip PVC Anti Fatigue Floor Rug Home,/collections/anti-fatigue-mats/products/artiss-kitchen-mat-non-slip-45-x-75-pvc-anti-fatigue-floor-rug-home-carpet-lydia,Anti-Fatigue Mats,19.45,48.51
Bodhi 45x150 Kitchen Mat Non-slip Textilene Anti Fatigue Floor Rug,/collections/anti-fatigue-mats/products/artiss-kitchen-mat-non-slip-45-x-150-textilene-anti-fatigue-floor-rug-carpet,Anti-Fatigue Mats,44.65,82.67
Tomos 2-Seater Table and chairs Stackable Bistro Set Patio Coffee 3-Piece Outdoor Furniture - Black,/collections/aluminium-outdoor-furniture/products/gardeon-outdoor-furniture-3pc-table-and-chairs-stackable-bistro-set-patio-coffee,Aluminum Outdoor Furniture,124.0,136.4
Bar Table Swivel Gas Lift Counter - White,/collections/aluminium-outdoor-furniture/products/levede-bar-table-swivel-gas-lift-counter-white,Aluminum Outdoor Furniture,124.77,142.9
Maribel Rocking Armchair Footrest Nursing - Charcoal,/collections/armchairs/products/birch-plywood-adjustable-rocking-lounge-arm-chair-w-fabric-cushion-charcoal,Armchairs,174.94,203.38
Maure Accent Tub Fabric Lounge Armchair - Grey,/collections/armchairs/products/artiss-abby-fabric-armchair-grey,Armchairs,134.03,191.47
Stainless Steel Commercial Ice Cube Maker,/collections/appliances/products/stainless-steel-commercial-ice-maker-1,Appliances,569.47,744.0
Mini Bar Fridge Portable Office Home Refrigerator Cooler Freezer 95L,/collections/appliances/products/devanti-mini-bar-fridge-portable-office-home-refrigerator-cooler-freezer-95l,Appliances,264.71,364.1
24L Air Compressor 40 L/min 115psi Oil-Free Electric Portable Inflator,/collections/air-tools/products/giantz-24l-air-compressor-40-l-min-115psi-oil-free-electric-portable-inflator,Air Tools,209.71,227.26
50L Air Compressor 3.0HP Oil-Free Quiet Electric Portable Air Inflator,/collections/air-tools/products/giantz-50l-air-compressor-3-0hp-oil-free-quiet-electric-portable-air-inflator,Air Tools,454.3,521.1
Aroma Diffuser Aromatherapy Light Wood 500ml,/collections/air-purifiers/products/diffuser-night-light-air-humidifier-500ml-remote-control,Air Purifiers,59.4,77.04
Air Purifier 4 Layers HEPA Replacement Filter,/collections/air-purifiers/products/devanti-air-purifier-replacement-filter-hepa-filters,Air Purifiers,54.25,71.34
Wren 45x120 Kitchen Mat Non-slip PVC Anti Fatigue Floor Rug Home,/collections/anti-fatigue-mats/products/artiss-kitchen-mat-non-slip-45-x-120-pvc-anti-fatigue-floor-rug-home-carpet-gina,Anti-Fatigue Mats,24.65,54.95
Wren 45x180 Kitchen Mat Non-slip PVC Anti Fatigue Floor Rug Home,/collections/anti-fatigue-mats/products/artiss-kitchen-mat-non-slip-45-x-180-pvc-anti-fatigue-floor-rug-home-carpet-gina,Anti-Fatigue Mats,39.45,76.72
Arlo 7-Seater Lounge Set Garden Patio Aluminium Bench with Cushions 5-Piece Outdoor Sofa - Black,/collections/aluminium-outdoor-furniture/products/gardeon-outdoor-sofa-7-seater-lounge-set-garden-patio-aluminium-bench-w-cushions,Aluminum Outdoor Furniture,1440.77,2059.91
Lincoln Outdoor Garden Bench Steel Table and chair Patio Furniture Loveseat Park - Black,/collections/aluminium-outdoor-furniture/products/gardeon-outdoor-garden-bench-steel-table-and-chair-patio-furniture-loveseat-park,Aluminum Outdoor Furniture,239.34,279.26
Ambrose Steel Lounge Chair Patio Garden Furniture Set of 2 Outdoor Dining Chairs - Black,/collections/aluminium-outdoor-furniture/products/gardeon-2pc-outdoor-dining-chairs-steel-lounge-chair-patio-garden-furniture,Aluminum Outdoor Furniture,164.93,191.28
Audene Fabric Armchair Tufted Button Design - Beige,/collections/armchairs/products/fabric-dining-armchair-beige,Armchairs,129.75,167.09
Maliah Accent Tub Fabric Lounge Armchair - Beige,/collections/armchairs/products/armchair-tub-chair-single-accent-armchairs-sofa-lounge-fabric-beige,Armchairs,219.27,268.86
60L Convection Oven Electric Fryer Ovens 2000W,/collections/appliances/products/devanti-electric-convection-oven-bake-benchtop-rotisserie-grill-60l,Appliances,214.15,263.5
Stick Vacuum Cleaner Brushless Cordless 350W - Grey,/collections/appliances/products/devanti-handheld-vacuum-cleaner-brushless-cordless-bagless-stick-vacuums-350w,Appliances,144.98,199.85
Aroma Diffuser Aromatherapy Ultrasonic 3D Air Humidifier Purifier Fireworks,/collections/air-purifiers/products/aroma-diffuser-aromatherapy-ultrasonic-3d-air-humidifier-purifier-fireworks,Air Purifiers,74.95,117.44
Aroma Diffuser Aromatherapy Ultrasonic Humidifier Essential Oil Purifier Heart,/collections/air-purifiers/products/aroma-diffuser-aromatherapy-ultrasonic-humidifier-essential-oil-purifier-heart,Air Purifiers,69.55,109.37
Aroma Diffuser Aromatherapy Ultrasonic Humidifier Essential Oil Purifier Skull,/collections/air-purifiers/products/aroma-diffuser-aromatherapy-ultrasonic-humidifier-essential-oil-purifier-skull,Air Purifiers,59.05,
Hassan 50x80 Anti-Fatigue Standing Mat Desk Rug Kitchen Home Office Foam - Grey,/collections/anti-fatigue-mats/products/marlow-anti-fatigue-mat-standing-desk-rug-kitchen-home-office-foam-grey-50x80,Anti-Fatigue Mats,64.63,116.94
Hassan 51x99 Anti-Fatigue Standing Mat Desk Rug Kitchen Home Office Foam - Black,/collections/anti-fatigue-mats/products/marlow-anti-fatigue-mat-standing-desk-rug-kitchen-home-office-foam-black-51x99,Anti-Fatigue Mats,79.67,116.4
Wren 45x75 Kitchen Mat Non-slip PVC Anti Fatigue Floor Rug Home,/collections/anti-fatigue-mats/products/artiss-kitchen-mat-non-slip-45-x-75-pvc-anti-fatigue-floor-rug-home-carpet-gina,Anti-Fatigue Mats,29.45,41.51
Ciaran 2-Seater Cast Aluminium Table Chair Patio 3-Piece Outdoor Setting - White,/collections/aluminium-outdoor-furniture/products/gardeon-3pc-outdoor-setting-cast-aluminium-bistro-table-chair-patio-white,Aluminum Outdoor Furniture,210.36,293.72
Cygnus Victorian Garden Bench - Green,/collections/aluminium-outdoor-furniture/products/victorian-garden-bench-green,Aluminum Outdoor Furniture,189.84,232.93
Marlyn Accent Fabric Ottoman Lounge Chair - Grey,/collections/armchairs/products/armchair-and-ottoman-grey,Armchairs,224.38,289.8
Meertha Accent Fabric Lounge Armchair - Beige,/collections/armchairs/products/artiss-armchair-lounge-chair-armchairs-accent-chairs-sofa-couch-fabric-beige,Armchairs,164.84,184.93
Coffee Machine Espresso Capsule 2 In 1 Maker Bean Grinder Flat - Black,/collections/appliances/products/spector-coffee-machine-espresso-capsule-2-in-1-maker-bean-grinder-flat-white,Appliances,304.78,569.39
Ice Maker Machine Portable Ice Cube Tray Countertop 3.2L,/collections/appliances/products/devanti-ice-maker-machine-commercial-portable-ice-cube-tray-countertop-3-2l,Appliances,259.74,390.03
Aroma Diffuser Aromatherapy Ultrasonic Humidifier Essential Oil Purifier Tree,/collections/air-purifiers/products/aroma-diffuser-aromatherapy-ultrasonic-humidifier-essential-oil-purifier-tree,Air Purifiers,64.45,103.04
Aroma Diffuser Aromatherapy Ultrasonic Humidifier Essential Oil Purifier 3D Deer,/collections/air-purifiers/products/aroma-diffuser-aromatherapy-ultrasonic-humidifier-essential-oil-purifier-3d-deer,Air Purifiers,59.05,
Aroma Diffuser Aromatherapy 3D Glass 100ml,/collections/air-purifiers/products/diffuser-3d-led-light-oil-firework-air-humidifier-100ml,Air Purifiers,59.85,79.05
Sable Set of 2 45x120 and 45x75 Kitchen Floor Mat Area Rugs Non-Slip Door Mat,/collections/anti-fatigue-mats/products/marlow-2x-kitchen-mat-floor-rugs-area-carpet-non-slip-door-mat-45x120cm-45x75cm-1,Anti-Fatigue Mats,54.0,64.4
Sachi Set of 2 45x180 and 45x75 Kitchen Floor Mat Area Rugs Non-Slip Door Mat,/collections/anti-fatigue-mats/products/marlow-2x-kitchen-mat-floor-rugs-area-carpet-non-slip-door-mat-45x180cm-45x75cm,Anti-Fatigue Mats,69.52,79.52
Hassan 50x80 Anti-Fatigue Standing Mat Desk Rug Kitchen Home Office Foam - Brown,/collections/anti-fatigue-mats/products/marlow-anti-fatigue-mat-standing-desk-rug-kitchen-home-office-foam-brown-50x80,Anti-Fatigue Mats,74.57,
Broseley Set of 4 Outdoor Stackable Chairs Lounge Chair Bistro Set Patio Furniture - Black,/collections/aluminium-outdoor-furniture/products/gardeon-4x-outdoor-stackable-chairs-lounge-chair-bistro-set-patio-furniture,Aluminum Outdoor Furniture,204.18,257.56
Kaitlyn 2-Seater Patio Furniture Outdoor Bistro Chairs Aluminium - Bronze,/collections/aluminium-outdoor-furniture/products/gardeon-3pc-patio-furniture-outdoor-bistro-set-dining-chairs-aluminium-bronze,Aluminum Outdoor Furniture,190.46,251.29
Yoga Mat Non Slip 5mm Exercise - Grey,/collections/yoga-accessories/products/yoga-mat-non-slip-5mm-exercise-grey,Yoga Accessories,84.91,93.4
Meertha Accent Fabric Lounge Armchair - Grey,/collections/armchairs/products/artiss-armchair-lounge-chair-armchairs-accent-chairs-sofa-couch-fabric-grey,Armchairs,174.15,203.47
Audene Fabric Armchair Tufted Button Design - Charcoal,/collections/armchairs/products/armchair-tub-single-dining-chair,Armchairs,154.6,186.14
Fixed Range Hood Rangehood Stainless Steel Kitchen Canopy 90cm 900mm,/collections/appliances/products/devanti-fixed-range-hood-rangehood-stainless-steel-kitchen-canopy-90cm-900mm,Appliances,154.01,179.81
17L Turbo Convection Oven Halogen Cooker Low Fat Electric Air Fryer White,/collections/appliances/products/17l-turbo-convection-oven-halogen-cooker-low-fat-electric-air-fryer-white,Appliances,149.94,217.95
Air Purifier 3 Layers HEPA Replacement Filter,/collections/air-purifiers/products/devanti-air-purifier-replacement-filter-3-layer-hepa-filters,Air Purifiers,49.05,64.96
Air Purifier 3 Stage HEPA w/Replacement Filter,/collections/air-purifiers/products/devanti-air-purifier-freshener-carbon-hepa-filter-home-office-odour-cleaner,Air Purifiers,224.51,280.84
Hassan 51x99 Anti-Fatigue Standing Mat Desk Rug Kitchen Home Office Foam - Brown,/collections/anti-fatigue-mats/products/marlow-anti-fatigue-mat-standing-desk-rug-kitchen-home-office-foam-brown-51x99,Anti-Fatigue Mats,79.67,124.72
Sable Set of 2 45x150 and 45x75 Kitchen Floor Mat Area Rugs Non-Slip Door Mat,/collections/anti-fatigue-mats/products/marlow-2x-kitchen-mat-floor-rugs-area-carpet-non-slip-door-mat-45x150cm-45x75cm-1,Anti-Fatigue Mats,59.1,69.8
Sable Set of 2 45x180 and 45x75 Kitchen Floor Mat Area Rugs Non-Slip Door Mat,/collections/anti-fatigue-mats/products/marlow-2x-kitchen-mat-floor-rugs-area-carpet-non-slip-door-mat-45x180cm-45x75cm-1,Anti-Fatigue Mats,69.52,79.52
Jarrow Set of 2 Outdoor Bar Stools Patio Furniture Indoor Bistro Kitchen Aluminum - Silver,/collections/aluminium-outdoor-furniture/products/outdoor-bar-stools-patio-furniture-indoor-bistro-kitchen-aluminum-x2,Aluminum Outdoor Furniture,139.45,169.43
Folding Camping Table Chair Set - Black,/collections/aluminium-outdoor-furniture/products/levede-folding-camping-table-chair-set-black,Aluminum Outdoor Furniture,169.52,219.97
Yoga Mat Non Slip 5mm Exercise - Green,/collections/yoga-accessories/products/yoga-mat-non-slip-5mm-exercise-green,Yoga Accessories,84.23,92.65
Yoga Mat Foldable Non-Slip Exercise - Pink,/collections/yoga-accessories/products/yoga-mat-foldable-nonslip-exercise-pink,Yoga Accessories,79.97,92.59
Yoga Mat Foldable Non-Slip Exercise - Blue,/collections/yoga-accessories/products/yoga-mat-foldable-nonslip-exercise-blue,Yoga Accessories,74.39,92.59
Michelle Accent Velvet Lounge Armchair - Pink,/collections/armchairs/products/artiss-armchair-lounge-chair-armchairs-accent-chairs-velvet-sofa-pink-couch,Armchairs,189.64,256.56
Maryam Rocking Armchair Nursing Bentwood - Beige,/collections/armchairs/products/fabric-rocking-armchair-beige,Armchairs,134.38,179.43
Portable Air Conditioner Cooling Mobile Fan Cooler Dehumidifier Window Kit White 3300W,/collections/appliances/products/portable-air-conditioner-mobile-fan-dehumidifier-white,Appliances,544.51,758.57
Bar Fridge 2 Glass Door Commercial Display Freezer Drink Beverage Cooler Black,/collections/appliances/products/bar-fridge-2-glass-door-commercial-display-freeer-drink-beverage-cooler-black,Appliances,859.59,1019.84
2200W Bagless Vacuum Cleaner Blue,/collections/appliances/products/2800w-bagless-vacuum-blue,Appliances,144.98,179.51
Air Purifier Dehumidifier Q10 HEPA Filter,/collections/air-purifiers/products/air-purifier-dehumidifier-q10-hepa-filter,Air Purifiers,464.2,557.04
Air Purifier 3 Speeds With Negative Ion Concentration And HEPA Filter,/collections/air-purifiers/products/miraklass-air-purifier-3-speeds-with-negative-ion-concentration-and-hepa-filter-model,Air Purifiers,154.06,259.93
Air Purifier 3 Stage HEPA Filter,/collections/air-purifiers/products/devanti-air-purifier-3-stage-hepa-filter,Air Purifiers,184.95,197.46
Sachi Set of 2 45x120 and 45x75 Kitchen Floor Mat Area Rugs Non-Slip Door Mat,/collections/anti-fatigue-mats/products/marlow-2x-kitchen-mat-floor-rugs-area-carpet-non-slip-door-mat-45x120cm-45x75cm,Anti-Fatigue Mats,54.0,64.4
Sachi Set of 2 45x150 and 45x75 Kitchen Floor Mat Area Rugs Non-Slip Door Mat,/collections/anti-fatigue-mats/products/marlow-2x-kitchen-mat-floor-rugs-area-carpet-non-slip-door-mat-45x150cm-45x75cm,Anti-Fatigue Mats,54.99,74.12
Calliope Outdoor Garden Bench - Black,/collections/aluminium-outdoor-furniture/products/cast-iron-garden-bench-black,Aluminum Outdoor Furniture,129.31,149.08
Graysen 3 Piece Sun Lounger Chaise Lounge Chair Table Patio Outdoor Setting Furniture - Black,/collections/aluminium-outdoor-furniture/products/gardeon-sun-lounger-chaise-lounge-chair-table-patio-outdoor-setting-furniture,Aluminum Outdoor Furniture,314.32,359.5
1m Air Track Spot Inflatable Gymnastics Tumbling Mat Round with Pump - Blue,/collections/yoga-accessories/products/everfit-1m-air-track-spot-inflatable-gymnastics-tumbling-mat-round-w-pump-blue,Yoga Accessories,144.1,192.14
1m Air Track Spot Inflatable Gymnastics Tumbling Mat Round with Pump Green,/collections/yoga-accessories/products/everfit-1m-air-track-spot-inflatable-gymnastics-tumbling-mat-round-w-pump-green,Yoga Accessories,144.53,192.14
Marlyn Accent Fabric Ottoman Lounge Chair - Beige,/collections/armchairs/products/armchair-lounge-chair-fabric-sofa-accent-chairs-and-ottoman-beige,Armchairs,219.0,289.93
Michelle Accent Velvet Lounge Armchair - Grey,/collections/armchairs/products/artiss-armchair-lounge-chair-armchairs-accent-chairs-grey-velvet-sofa-couch,Armchairs,209.35,257.92
Air Fryer 20L LCD Fryers Oven,/collections/appliances/products/devanti-air-fryer-20l-lcd-fryers-oven,Appliances,144.72,179.95
Coffee Maker Machine Espresso - Green Mint,/collections/appliances/products/spector-coffee-maker-machine-espresso-green-mint,Appliances,149.64,219.23
Benchtop Dishwasher 6 Place Bench Top Countertop Dishwasher Freestanding,/collections/appliances/products/devanti-benchtop-dishwasher-6-place-bench-top-countertop-dishwasher-freestanding,Appliances,414.08,604.25
Air Purifier Home Purifiers HEPA Filter,/collections/air-purifiers/products/devanti-air-purifier-hepa-filter-home-purifiers-odour-virus-remover-cleaner,Air Purifiers,264.24,310.9
Atlas 4-Seater Aluminium Set Lounge Setting Table Chair Furniture 4-Piece Outdoor Sofa - Grey,/collections/aluminium-outdoor-furniture/products/gardeon-4-seater-aluminium-outdoor-sofa-set-lounge-setting-table-chair-furniture,Aluminum Outdoor Furniture,804.37,834.62
Romy Sun Lounge Outdoor Lounger Chair Foldable Patio Furniture - Black,/collections/aluminium-outdoor-furniture/products/gardeon-sun-lounge-outdoor-lounger-recliner-chair-foldable-patio-furniture,Aluminum Outdoor Furniture,159.53,174.33
Tomos 4-Seater Table and chairs Stackable Bistro Set Patio Coffee 5-Piece Outdoor Furniture - Black,/collections/aluminium-outdoor-furniture/products/gardeon-outdoor-furniture-5pc-table-and-chairs-stackable-bistro-set-patio-coffee,Aluminum Outdoor Furniture,219.0,305.51
1m Air Track Mat Inflatable Gymnastics Tumbling Mat with Pump Mint Green,/collections/yoga-accessories/products/everfit-1m-air-track-mat-inflatable-gymnastics-tumbling-mat-w-pump-mint-green,Yoga Accessories,134.0,192.14
1m Air Track Mat Inflatable Gymnastics Tumbling Mat with Pump Colourful,/collections/yoga-accessories/products/everfit-1m-air-track-mat-inflatable-gymnastics-tumbling-mat-w-pump-colourful,Yoga Accessories,144.53,192.14
6M Air Track Mat Inflatable Gymnastics Tumbling Mat with Pump Colourful,/collections/yoga-accessories/products/everfit-6m-air-track-mat-inflatable-gymnastics-tumbling-mat-w-pump-colourful,Yoga Accessories,689.41,807.62
150w Stick Vacuum Cleaner Bagless Cordless - Red,/collections/appliances/products/devanti-handheld-vacuum-cleaner-cordless-stick-handstick-vac-bagless-2-speed-headlight-red,Appliances,149.65,164.62
Window Air Conditioner 1.7kW,/collections/appliances/products/1-6kw-window-air-conditioner,Appliances,504.12,653.64
1200mm Commercial BBQ Rangehood - Silver,/collections/appliances/products/devanti-1200mm-commercial-bbq-rangehood-silver,Appliances,909.9,964.87
Astride Outdoor Swing Chair Garden Furniture Canopy Cup Holder 3-Seater - Brown,/collections/aluminium-outdoor-furniture/products/gardeon-outdoor-swing-chair-garden-furniture-canopy-cup-holder-3-seater-brown,Aluminum Outdoor Furniture,169.73,
Broseley Set of 2 Outdoor Stackable Chairs Lounge Chair Bistro Set Patio Furniture - Black,/collections/aluminium-outdoor-furniture/products/gardeon-2x-outdoor-stackable-chairs-lounge-chair-bistro-set-patio-furniture,Aluminum Outdoor Furniture,99.93,149.46
Mindy 4-Seater Outdoor Dining Set Chairs Table Cast Aluminium Patio 5-Piece Outdoor Dining Set - White,/collections/aluminium-outdoor-furniture/products/gardeon-outdoor-dining-set-5-piece-chairs-table-cast-aluminum-patio-white,Aluminum Outdoor Furniture,479.52,623.7
1m Air Track Spot Inflatable Gymnastics Tumbling Mat Round - Blue,/collections/yoga-accessories/products/everfit-1m-air-track-spot-inflatable-gymnastics-tumbling-mat-round-blue,Yoga Accessories,109.88,191.52
1m Air Track Mat Inflatable Gymnastics Tumbling Mat - Colourful,/collections/yoga-accessories/products/everfit-1m-air-track-mat-inflatable-gymnastics-tumbling-mat-colourful,Yoga Accessories,119.83,191.52
6M Air Track Mat Inflatable Gymnastics Tumbling Mat Colourful,/collections/yoga-accessories/products/everfit-6m-air-track-mat-inflatable-gymnastics-tumbling-mat-colourful,Yoga Accessories,649.14,807.37
Portable Air Conditioner Cooling Mobile Fan Cooler Dehumidifier White 2000W,/collections/appliances/products/portable-air-conditioner-mobile-fan-cooler-white-2000w,Appliances,329.13,521.53
Benchtop Dishwasher Counter Bench Top Freestanding Dish Washer 8 Place,/collections/appliances/products/benchtop-dishwasher-counter-bench-top-freestanding-dish-washer-8-place,Appliances,479.5,629.82
Graysen Sun Lounger Outdoor Lounge Setting Chair Adjustable Patio Furniture Pool - Black,/collections/aluminium-outdoor-furniture/products/gardeon-sun-lounger-outdoor-lounge-setting-chair-adjustable-patio-furniture-pool,Aluminum Outdoor Furniture,229.53,251.33
Andre 2-Seater Steel Table and Chairs Patio 3-Piece Outdoor Bistro Set - Black,/collections/aluminium-outdoor-furniture/products/gardeon-outdoor-setting-table-and-chairs-folding-patio-furniture-bistro-set,Aluminum Outdoor Furniture,166.8,220.82
Ciaran 2-Seater Cast Aluminium Table Chair Patio 3-Piece Outdoor Setting - Bronze,/collections/aluminium-outdoor-furniture/products/gardeon-3pc-outdoor-setting-cast-aluminium-bistro-table-chair-patio-bronze,Aluminum Outdoor Furniture,210.36,252.2
1m Air Track Spot Inflatable Gymnastics Tumbling Mat Round - Green,/collections/yoga-accessories/products/everfit-1m-air-track-spot-inflatable-gymnastics-tumbling-mat-round-green,Yoga Accessories,109.33,191.52
1m Air Track Mat Inflatable Gymnastics Tumbling Mat - Green,/collections/yoga-accessories/products/everfit-1m-air-track-mat-inflatable-gymnastics-tumbling-mat-green,Yoga Accessories,109.9,191.52
Stick Vacuum Cleaner Bagless Cordless 150W - Purple,/collections/appliances/products/150-cordless-handheld-stick-vacuum-cleaner-2-speed-purple-and-grey,Appliances,129.48,164.62
Ciaran 2-Seater Cast Aluminium Table Chair Patio 3-Piece Outdoor Setting - Black,/collections/aluminium-outdoor-furniture/products/gardeon-3pc-outdoor-setting-cast-aluminium-bistro-table-chair-patio-black-1,Aluminum Outdoor Furniture,210.36,284.5
Cygnus Victorian Garden Bench - White,/collections/aluminium-outdoor-furniture/products/victorian-garden-bench-white,Aluminum Outdoor Furniture,189.84,230.65
Xander 2-Seater Bar Table Stools Adjustable Aluminium Cafe Round 3-Piece Outdoor Bistro Set - Silver,/collections/aluminium-outdoor-furniture/products/outdoor-bistro-set-bar-table-stools-adjustable-aluminium-cafe-3pc-round,Aluminum Outdoor Furniture,204.39,229.1
5M Air Track Gymnastics Tumbling Exercise Mat W/ Pump Inflatable Colour,/collections/yoga-accessories/products/everfit-5m-air-track-gymnastics-tumbling-exercise-mat-inflatable-mats-pump,Yoga Accessories,284.8,437.51
4M Air Track Gymnastics Tumbling Exercise Mat Inflatable Mats 20CM Thick + Pump,/collections/yoga-accessories/products/everfit-4m-air-track-gymnastics-tumbling-exercise-mat-inflatable-mats-20cm-thick-pump,Yoga Accessories,284.1,349.37
3M Air Track Gymnastics Tumbling Exercise Mat Inflatable Mats + Pump,/collections/yoga-accessories/products/everfit-3m-air-track-gymnastics-tumbling-exercise-mat-inflatable-mats-pump,Yoga Accessories,169.94,230.21
5x1m Air Track Inflatable Tumbling Mat Gymnastics Yoga Mat,/collections/yoga-accessories/products/everfit-5x1m-air-track-inflatable-tumbling-mat-gymnastics-yoga-mat,Yoga Accessories,304.51,324.27
4x1x0.2m Air Track Inflatable Tumbling Mat Gymnastics Yoga Mat,/collections/yoga-accessories/products/everfit-4x1x0-2m-air-track-inflatable-tumbling-mat-gymnastics-yoga-mat,Yoga Accessories,259.58,299.66
3x1m Air Track Inflatable Tumbling Mat Gymnastics Yoga Mat,/collections/yoga-accessories/products/everfit-3x1m-air-track-inflatable-tumbling-mat-gymnastics-yoga-mat,Yoga Accessories,159.82,213.61
5x1m Inflatable Air Track Mat Tumbling Floor Home Gymnastics Green,/collections/yoga-accessories/products/5x1m-inflatable-air-track-mat-tumbling-floor-home-gymnastics-green,Yoga Accessories,249.48,373.75
4x1m Inflatable Air Track Mat Tumbling Floor Home Gymnastics Green,/collections/yoga-accessories/products/4x1m-inflatable-air-track-mat-tumbling-floor-home-gymnastics-green,Yoga Accessories,164.14,229.5
5x1m Inflatable Air Track Mat with Pump Tumbling Gymnastics Green,/collections/yoga-accessories/products/5x1m-inflatable-air-track-mat-with-pump-tumbling-gymnastics-green,Yoga Accessories,274.7,422.81
4x1m Inflatable Air Track Mat with Pump Tumbling Gymnastics Green,/collections/yoga-accessories/products/4x1m-inflatable-air-track-mat-with-pump-tumbling-gymnastics-green,Yoga Accessories,229.05,304.51
6x1m Inflatable Air Track Mat 20cm Thick with Pump Tumbling Gymnastics Blue,/collections/yoga-accessories/products/6x1m-inflatable-air-track-mat-20cm-thick-with-pump-gymnastics-blue,Yoga Accessories,389.43,505.11
4x1m Inflatable Air Track Mat 20cm Thick with Pump Tumbling Gymnastics Blue,/collections/yoga-accessories/products/4x1m-inflatable-air-track-mat-20cm-thick-with-pump-gymnastics-blue,Yoga Accessories,264.09,339.62
3x1m Inflatable Air Track Mat with Pump Tumbling Gymnastics Pink,/collections/yoga-accessories/products/3x1m-inflatable-air-track-mat-with-pump-tumbling-gymnastics-pink,Yoga Accessories,179.53,263.77
3x1m Inflatable Air Track Mat with Pump Tumbling Gymnastics Green,/collections/yoga-accessories/products/3x1m-inflatable-air-track-mat-with-pump-gymnastics-green,Yoga Accessories,159.25,230.21
